arrival_time,deadline,feasible,fuzzy_finish_lower,fuzzy_finish_modal,fuzzy_finish_upper,fuzzy_lateness,fuzzy_risk_finish,seed,workflow_id
109.60974434488426,735.9989919101776,True,255.24590336045503,260.2453479212417,289.11238491190187,0.0,287.66903306236884,201,0
124.20089575604115,2547.9104760934724,True,328.5212836251251,330.9633314015376,371.3532561992559,0.0,369.33375995936996,201,1
151.31194083898458,729.9614071805394,True,326.47814849645505,334.22550493966065,374.6460341957346,0.0,372.62500773293095,201,2
39.485413216691306,971.4505789496661,True,270.9863243328778,280.9583669293416,330.81948957900903,0.0,328.32643344652564,202,0
50.324853898705385,770.6917507469959,True,229.78657476465452,236.8301434176373,283.1010120558652,0.0,280.7874686239538,202,1
93.07339331778161,958.438227203957,True,220.6903661096756,227.94058203382906,261.0326721796376,0.0,259.3780676723472,202,2
41.23876586058156,593.6125726689257,True,217.09076289331142,231.53659577082624,265.5517354970176,0.0,263.85097851070805,203,0
48.07085382574218,522.360450276942,True,238.9768856087791,251.87874953239944,286.9786618943821,0.0,285.223666276283,203,1
53.39191257720131,512.1707899549276,True,218.66814391770183,236.8123531950505,286.14985635305095,0.0,283.6829811951509,203,2
